threshold_pct,arima,autoencoder,cluster_segment,zscore_stl
0.0,28.639288997854734,14.246617466174664,0.6409470068694798,13.129022372050262
0.1,8.71284094391664,5.015375153751537,0.6409470068694798,7.134538768004904
0.25,1.0481152313821636,1.2084870848708487,0.6409470068694798,3.89825314128103
0.5,0.05209929512718358,0.11992619926199262,0.6409470068694798,1.8020226785167026
0.75,0.0,0.00922509225092251,0.6409470068694798,0.6343855347839411
